Model,Accuracy,AUC,Precision,Recall,F1,MCC
Logistic Regression,0.8951048951048951,0.9421728543859023,0.8896560596979195,0.8947524435278406,0.8919033918537759,0.8351001577855869
Decision Tree,0.8528971028971029,0.8841547228698557,0.8443691785134484,0.8455001934452611,0.8449263473893546,0.7676811372766816
kNN,0.8496503496503497,0.9267884372072599,0.8513998148115943,0.8400982347266948,0.845267714001531,0.7610182216427336
Naive Bayes,0.788961038961039,0.9177184701498365,0.782545038245539,0.8104959860514539,0.7902621444883802,0.6827595497824991
Random Forest,0.9288211788211789,0.9431365961513664,0.9282998703926874,0.921142607648307,0.9245521380103625,0.887162175882411
XGBoost,0.9303196803196803,0.9414325339077457,0.9302332111769701,0.9223262229376052,0.9260810970365162,0.8895293327775369
